country_noc,country,inter_code,lat,long,real_name
AFG,Afghanistan,AF,33.0,65.0,Afghanistan
ALB,Albania,AL,41.0,20.0,Albania
ALG,Algeria,DZ,28.0,3.0,Algeria
ASA,American Samoa,AS,-14.33,-170.0,American Samoa
AND,Andorra,AD,42.5,1.5,Andorra
ANG,Angola,AO,-12.5,18.5,Angola
ANT,Antigua and Barbuda,AG,17.05,-61.8,Antigua and Barbuda
ARG,Argentina,AR,-34.0,-64.0,Argentina
ARM,Armenia,AM,40.0,45.0,Armenia
ARU,Aruba,AW,12.5,-69.97,Aruba
ANZ,Australasia,NZ,-41.0,174.0,New Zealand
AUS,Australia,AU,-27.0,133.0,Australia
AUT,Austria,AT,47.33,13.33,Austria
AZE,Azerbaijan,AZ,40.5,47.5,Azerbaijan
BRN,Bahrain,BH,26.0,50.55,Bahrain
BAN,Bangladesh,BD,24.0,90.0,Bangladesh
BAR,Barbados,BB,13.17,-59.53,Barbados
BLR,Belarus,BY,53.0,28.0,Belarus
BEL,Belgium,BE,50.83,4.0,Belgium
BIZ,Belize,BZ,17.25,-88.75,Belize
BEN,Benin,BJ,9.5,2.25,Benin
BER,Bermuda,BM,32.33,-64.75,Bermuda
BHU,Bhutan,BT,27.5,90.5,Bhutan
BOH,Bohemia,CZ,49.75,15.5,Czech Republic
BOL,Bolivia,BO,-17.0,-65.0,Bolivia
BIH,Bosnia and Herzegovina,BA,44.0,18.0,Bosnia and Herzegovina
BOT,Botswana,BW,-22.0,24.0,Botswana
BRA,Brazil,BR,-10.0,-55.0,Brazil
IVB,British Virgin Islands,VG,18.5,-64.5,"Virgin Islands, British"
BRU,Brunei Darussalam,BN,4.5,114.67,Brunei Darussalam
BUL,Bulgaria,BG,43.0,25.0,Bulgaria
BUR,Burkina Faso,BF,13.0,-2.0,Burkina Faso
BDI,Burundi,BI,-3.5,30.0,Burundi
CAM,Cambodia,KH,13.0,105.0,Cambodia
CMR,Cameroon,CM,6.0,12.0,Cameroon
CAN,Canada,CA,60.0,-95.0,Canada
CPV,Cape Verde,CV,16.0,-24.0,Cape Verde
CAY,Cayman Islands,KY,19.5,-80.5,Cayman Islands
CAF,Central African Republic,CF,7.0,21.0,Central African Republic
CHA,Chad,TD,15.0,19.0,Chad
CHI,Chile,CL,-30.0,-71.0,Chile
TPE,Chinese Taipei,TW,23.5,121.0,Taiwan
COL,Colombia,CO,4.0,-72.0,Colombia
COM,Comoros,KM,-12.17,44.25,Comoros
CGO,Congo,CG,-1.0,15.0,Congo
COK,Cook Islands,CK,-21.23,-159.77,Cook Islands
CRC,Costa Rica,CR,10.0,-84.0,Costa Rica
CIV,Côte d'Ivoire,CI,8.0,-5.0,Cote d'Ivoire
CRT,Crete,GR,39.0,22.0,Greece
CRO,Croatia,HR,45.17,15.5,Croatia
CUB,Cuba,CU,21.5,-80.0,Cuba
CYP,Cyprus,CY,35.0,33.0,Cyprus
CZE,Czech Republic,CZ,49.75,15.5,Czech Republic
TCH,Czechoslovakia,CZ,49.75,15.5,Czech Republic
PRK,Democratic People's Republic of Korea,KP,40.0,127.0,"Korea, Democratic People's Republic of"
COD,Democratic Republic of the Congo,CD,0.0,25.0,"Congo, The Democratic Republic of the"
DEN,Denmark,DK,56.0,10.0,Denmark
DJI,Djibouti,DJ,11.5,43.0,Djibouti
DMA,Dominica,DM,15.42,-61.33,Dominica
DOM,Dominican Republic,DO,19.0,-70.67,Dominican Republic
GDR,East Germany,DE,51.0,9.0,Germany
ECU,Ecuador,EC,-2.0,-77.5,Ecuador
EGY,Egypt,EG,27.0,30.0,Egypt
ESA,El Salvador,SV,13.83,-88.92,El Salvador
GEQ,Equatorial Guinea,GQ,2.0,10.0,Equatorial Guinea
ERI,Eritrea,ER,15.0,39.0,Eritrea
EST,Estonia,EE,59.0,26.0,Estonia
SWZ,Eswatini,ZA,-29.0,24.0,South Africa
ETH,Ethiopia,ET,8.0,38.0,Ethiopia
FSM,Federated States of Micronesia,FM,6.92,158.25,"Micronesia, Federated States of"
FIJ,Fiji,FJ,-18.0,175.0,Fiji
FIN,Finland,FI,64.0,26.0,Finland
FRA,France,FR,46.0,2.0,France
GAB,Gabon,GA,-1.0,11.75,Gabon
GEO,Georgia,GE,42.0,43.5,Georgia
GER,Germany,DE,51.0,9.0,Germany
GHA,Ghana,GH,8.0,-2.0,Ghana
GBR,Great Britain,GB,54.0,-2.0,United Kingdom
GRE,Greece,GR,39.0,22.0,Greece
GRN,Grenada,GD,12.12,-61.67,Grenada
GUM,Guam,GU,13.47,144.78,Guam
GUA,Guatemala,GT,15.5,-90.25,Guatemala
GUI,Guinea,GN,11.0,-10.0,Guinea
GBS,Guinea Bissau,GW,12.0,-15.0,Guinea-Bissau
GUY,Guyana,GY,5.0,-59.0,Guyana
HAI,Haiti,HT,19.0,-72.42,Haiti
HON,Honduras,HN,15.0,-86.5,Honduras
HKG,"Hong Kong, China",HK,22.25,114.17,Hong Kong
HUN,Hungary,HU,47.0,20.0,Hungary
ISL,Iceland,IS,65.0,-18.0,Iceland
IND,India,IN,20.0,77.0,India
IOA,Individual Olympic Athletes,XXX,-64.0,-64.0,World Athlete
INA,Indonesia,ID,-5.0,120.0,Indonesia
IRQ,Iraq,IQ,33.0,44.0,Iraq
IRL,Ireland,IE,53.0,-8.0,Ireland
IRI,Islamic Republic of Iran,IR,32.0,53.0,"Iran, Islamic Republic of"
ISR,Israel,IL,31.5,34.75,Israel
ITA,Italy,IT,42.83,12.83,Italy
JAM,Jamaica,JM,18.25,-77.5,Jamaica
JPN,Japan,JP,36.0,138.0,Japan
JOR,Jordan,JO,31.0,36.0,Jordan
KAZ,Kazakhstan,KZ,48.0,68.0,Kazakhstan
KEN,Kenya,KE,1.0,38.0,Kenya
KSA,Kingdom of Saudi Arabia,SA,25.0,45.0,Saudi Arabia
KIR,Kiribati,KI,1.42,173.0,Kiribati
COR,Korea Team,KR,37.0,127.5,"Korea, Republic of"
KOS,Kosovo,HR,45.17,15.5,Croatia
KUW,Kuwait,KW,29.34,47.66,Kuwait
KGZ,Kyrgyzstan,KG,41.0,75.0,Kyrgyzstan
LAO,Lao People's Democratic Republic,LA,18.0,105.0,Lao People's Democratic Republic
LAT,Latvia,LV,57.0,25.0,Latvia
LBN,Lebanon,LB,33.83,35.83,Lebanon
LES,Lesotho,LS,-29.5,28.5,Lesotho
LBR,Liberia,LR,6.5,-9.5,Liberia
LBA,Libya,LY,25.0,17.0,Libyan Arab Jamahiriya
LIE,Liechtenstein,LI,47.17,9.53,Liechtenstein
LTU,Lithuania,LT,56.0,24.0,Lithuania
LUX,Luxembourg,LU,49.75,6.17,Luxembourg
MAD,Madagascar,MG,-20.0,47.0,Madagascar
MAW,Malawi,MW,-13.5,34.0,Malawi
MAL,Malaya,MY,2.5,112.5,Malaysia
MAS,Malaysia,MY,2.5,112.5,Malaysia
MDV,Maldives,MV,3.25,73.0,Maldives
MLI,Mali,ML,17.0,-4.0,Mali
MLT,Malta,MT,35.83,14.58,Malta
MHL,Marshall Islands,MH,9.0,168.0,Marshall Islands
MTN,Mauritania,MR,20.0,-12.0,Mauritania
MRI,Mauritius,MU,-20.28,57.55,Mauritius
MEX,Mexico,MX,23.0,-102.0,Mexico
MIX,Mixed team,XXX,-64.0,-64.0,World Athlete
MON,Monaco,MC,43.73,7.4,Monaco
MGL,Mongolia,MN,46.0,105.0,Mongolia
MNE,Montenegro,ME,42.0,19.0,Montenegro
MAR,Morocco,MA,32.0,-5.0,Morocco
MOZ,Mozambique,MZ,-18.25,35.0,Mozambique
MYA,Myanmar,MM,22.0,98.0,Myanmar
NAM,Namibia,NA,-22.0,17.0,Namibia
NRU,Nauru,NR,-0.53,166.92,Nauru
NEP,Nepal,NP,28.0,84.0,Nepal
NED,Netherlands,NL,52.5,5.75,Netherlands
AHO,Netherlands Antilles,AN,12.25,-68.75,Netherlands Antilles
NZL,New Zealand,NZ,-41.0,174.0,New Zealand
NFL,Newfoundland,CA,60.0,-95.0,Canada
NCA,Nicaragua,NI,13.0,-85.0,Nicaragua
NIG,Niger,NE,16.0,8.0,Niger
NGR,Nigeria,NG,10.0,8.0,Nigeria
NBO,North Borneo,ID,-5.0,120.0,Indonesia
MKD,North Macedonia,MK,41.83,22.0,Macedonia
YAR,North Yemen,YE,15.0,48.0,Yemen
NOR,Norway,NO,62.0,10.0,Norway
OMA,Oman,OM,21.0,57.0,Oman
PAK,Pakistan,PK,30.0,70.0,Pakistan
PLW,Palau,PW,7.5,134.5,Palau
PLE,Palestine,PS,32.0,35.25,Palestinian Territory
PAN,Panama,PA,9.0,-80.0,Panama
PNG,Papua New Guinea,PG,-6.0,147.0,Papua New Guinea
PAR,Paraguay,PY,-23.0,-58.0,Paraguay
CHN,People's Republic of China,CN,35.0,105.0,China
PER,Peru,PE,-10.0,-76.0,Peru
PHI,Philippines,PH,13.0,122.0,Philippines
POL,Poland,PL,52.0,20.0,Poland
POR,Portugal,PT,39.5,-8.0,Portugal
PUR,Puerto Rico,PR,18.25,-66.5,Puerto Rico
QAT,Qatar,QA,25.5,51.25,Qatar
EOR,Refugee Olympic Team,XXX,-64.0,-64.0,World Athlete
KOR,Republic of Korea,KR,37.0,127.5,"Korea, Republic of"
MDA,Republic of Moldova,MD,47.0,29.0,"Moldova, Republic of"
RHO,Rhodesia,ZW,-20.0,30.0,Zimbabwe
ROC,ROC,TW,23.5,121.0,Taiwan
ROU,Romania,RO,46.0,25.0,Romania
RUS,Russian Federation,RU,60.0,100.0,Russian Federation
RWA,Rwanda,RW,-2.0,30.0,Rwanda
SAA,Saar,DE,51.0,9.0,Germany
SKN,Saint Kitts and Nevis,KN,17.33,-62.75,Saint Kitts and Nevis
LCA,Saint Lucia,LC,13.88,-61.13,Saint Lucia
VIN,Saint Vincent and the Grenadines,VC,13.25,-61.2,Saint Vincent and the Grenadines
SAM,Samoa,WS,-13.58,-172.33,Samoa
SMR,San Marino,SM,43.77,12.42,San Marino
STP,São Tomé and Príncipe,ST,1.0,7.0,Sao Tome and Principe
SEN,Senegal,SN,14.0,-14.0,Senegal
SRB,Serbia,RS,44.0,21.0,Serbia
SCG,Serbia and Montenegro,RS,44.0,21.0,Serbia
SEY,Seychelles,SC,-4.58,55.67,Seychelles
SLE,Sierra Leone,SL,8.5,-11.5,Sierra Leone
SGP,Singapore,SG,1.37,103.8,Singapore
SVK,Slovakia,SK,48.67,19.5,Slovakia
SLO,Slovenia,SI,46.0,15.0,Slovenia
SOL,Solomon Islands,SB,-8.0,159.0,Solomon Islands
SOM,Somalia,SO,10.0,49.0,Somalia
RSA,South Africa,ZA,-29.0,24.0,South Africa
SSD,South Sudan,SD,15.0,30.0,Sudan
VNM,South Vietnam,VN,16.0,106.0,Vietnam
YMD,South Yemen,YE,15.0,48.0,Yemen
URS,Soviet Union,RU,60.0,100.0,Russian Federation
ESP,Spain,ES,40.0,-4.0,Spain
SRI,Sri Lanka,LK,7.0,81.0,Sri Lanka
SUD,Sudan,SD,15.0,30.0,Sudan
SUR,Suriname,SR,4.0,-56.0,Suriname
SWE,Sweden,SE,62.0,15.0,Sweden
SUI,Switzerland,CH,47.0,8.0,Switzerland
SYR,Syrian Arab Republic,SY,35.0,38.0,Syrian Arab Republic
TJK,Tajikistan,TJ,39.0,71.0,Tajikistan
THA,Thailand,TH,15.0,100.0,Thailand
BAH,The Bahamas,BS,24.25,-76.0,Bahamas
GAM,The Gambia,GM,13.47,-16.57,Gambia
TLS,Timor-Leste,ID,-5.0,120.0,Indonesia
TOG,Togo,TG,8.0,1.17,Togo
TGA,Tonga,TO,-20.0,-175.0,Tonga
TTO,Trinidad and Tobago,TT,11.0,-61.0,Trinidad and Tobago
TUN,Tunisia,TN,34.0,9.0,Tunisia
TUR,Türkiye,TR,39.0,35.0,Turkey
TKM,Turkmenistan,TM,40.0,60.0,Turkmenistan
TUV,Tuvalu,TV,-8.0,178.0,Tuvalu
UGA,Uganda,UG,1.0,32.0,Uganda
UKR,Ukraine,UA,49.0,32.0,Ukraine
EUN,Unified Team,XXX,-64.0,-64.0,World Athlete
UAE,United Arab Emirates,AE,24.0,54.0,United Arab Emirates
UAR,United Arab Republic,AE,24.0,54.0,United Arab Emirates
TAN,United Republic of Tanzania,TZ,-6.0,35.0,"Tanzania, United Republic of"
USA,United States,US,38.0,-97.0,United States
ISV,United States Virgin Islands,VI,18.33,-64.83,"Virgin Islands, U.S."
UNK,Unknown,XXX,-64.0,-64.0,World Athlete
URU,Uruguay,UY,-33.0,-56.0,Uruguay
UZB,Uzbekistan,UZ,41.0,64.0,Uzbekistan
VAN,Vanuatu,VU,-16.0,167.0,Vanuatu
VEN,Venezuela,VE,8.0,-66.0,Venezuela
VIE,Vietnam,VN,16.0,106.0,Vietnam
FRG,West Germany,DE,51.0,9.0,Germany
WIF,West Indies Federation,BM,32.33,-64.75,Bermuda
YEM,Yemen,YE,15.0,48.0,Yemen
YUG,Yugoslavia,RS,44.0,21.0,Serbia
ZAM,Zambia,ZM,-15.0,30.0,Zambia
ZIM,Zimbabwe,ZW,-20.0,30.0,Zimbabwe
ROC,Russian Olympic Committee,RU,60.0,100.0,Russian Federation
